StudentID,AttendanceDaysPossible,AbsentDays,UnexcusedAbsentDays,ExcusedAbsentDays,SegmentAttendanceRate
6083589,177,4,0,4,0.977
3387411,177,33,15,18,0.814
3890418,177,4,0,4,0.977
6940551,,,,,
6940551,177,11,1,10,0.938
6937589,177,1,0,1,0.994
3080731,177,33.5,20.5,13,0.811
3291781,180,8.5,6.5,2,0.953
7100001,180,42.5,39.5,3,0.764
6180554,177,1,0,1,0.994
7433342,177,6,0,6,0.966
7964154,180,7.17,7.17,0,0.96
6511588,177,10,3,7,0.944
6319413,177,4,1,3,0.977
3521418,177,4,2,2,0.977
7056321,180,1.17,0.33,0.83,0.994
3193417,162,48.73,25.22,23.51,0.699
3193417,13,0,0,0,1
7375107,180,9.03,3.37,5.67,0.95
3679744,177,19,0,19,0.893
6783703,180,21.5,9,12.5,0.881
3329758,177,6,0,6,0.966
3875753,177,2,1,1,0.989
7066547,,,,,
7066547,180,51.5,51.5,0,0.714
7827378,180,5.17,2.17,3,0.971
6101705,177,2,0,2,0.989
7674926,180,21.33,14,7.33,0.882
7246032,180,4.17,1.33,2.83,0.977
3864745,177,11,1,10,0.938
7809946,180,2.7,1.45,1.25,0.985
7540123,,,,,
7540123,170,48.2,47.87,0.33,0.716
3216414,,,,,
3216414,123,1.33,1.33,0,0.989
3317442,,,,,
3317442,180,23.4,23.4,0,0.87
3501780,180,28.17,6.17,22,0.844
3740413,177,7,1,6,0.96
7825381,180,12.5,4.83,7.67,0.931
3693794,177,3,0,3,0.983
7060255,,,,,
7060255,180,14.33,12,2.33,0.92
7365807,180,40.2,39.2,1,0.777
7589999,180,3.99,2.83,1.17,0.978
3315739,177,2.5,0,2.5,0.986
6701796,177,1.5,0,1.5,0.992
7587950,180,26.17,25.5,0.67,0.855
7866116,180,4.5,2.17,2.33,0.975
7541187,,,,,
7541187,180,10.5,1,9.5,0.942
3815730,177,7,0,7,0.96
3005781,177,9,2,7,0.949
7716106,180,20,5.33,14.67,0.889
7222208,88,34.5,34.5,0,0.608
7222208,92,8,7,1,0.913
3257412,177,7.67,4.67,3,0.957
3737416,174,7,0,7,0.96
3737416,3,0,0,0,1
7172169,180,16.5,1,15.5,0.908
3894799,180,1.71,1,0.71,0.991
7147322,180,3.83,3.83,0,0.979
3723793,,,,,
3723793,180,5,0.9,4.1,0.972
6337548,177,4,1,3,0.977
3378739,177,12,7,5,0.932
7188946,180,51.08,45.08,6,0.716
7088933,180,1.5,1.5,0,0.992
3645712,164,0,0,0,1
3645712,13,0,0,0,1
7199244,,,,,
7199244,180,22.5,15.5,7,0.875
7585849,177,5.83,4.83,1,0.967
6237454,177,6,0,6,0.966
7483667,,,,,
7483667,180,29,28,1,0.839
3116780,,,,,
3116780,177,7.5,1,6.5,0.958
7452225,,,,,
7452225,88,13.25,13,0.25,0.849
7452225,26,0,0,0,1
7452225,4,0,0,0,1
7452225,62,6.58,3.92,2.67,0.894
3485418,88,2,0,2,0.977
3485418,89,0,0,0,1
7290280,,,,,
7290280,180,28.67,27.47,1.2,0.841
3310790,177,6,0,6,0.966
7077960,180,34.56,33.39,1.17,0.808
3545447,,,,,
3545447,55,9.33,1.33,8,0.83
6078555,,,,,
6078555,26,0,0,0,1
6078555,,,,,
6078555,71,0,0,0,1
3201414,,,,,
3201414,27,0,0,0,1
6751776,177,1,0,1,0.994
7571651,180,12.67,10.67,2,0.93
6358530,180,3.75,1.75,2,0.979
6654770,177,1,0,1,0.994
3590442,88,1,0,1,0.989
3590442,89,0,0,0,1
3908752,177,3,0,3,0.983
6918700,180,23.83,7.33,16.5,0.868
7800851,,,,,
7800851,11,0,0,0,1
7800851,1,0,0,0,1
7800851,168,1,1,0,0.994
3988717,177,6,2,4,0.966
3618412,,,,,
3618412,180,18.67,14.33,4.33,0.896
3094412,,,,,
3094412,158,3,0,3,0.981
7121959,180,7.67,0.33,7.33,0.957
3572415,174,11,0,11,0.937
3572415,3,0,0,0,1
6861754,110,45,7,38,0.591
6861754,,,,,
6861754,41,7,0,7,0.829
7947292,,,,,
3928418,88,3,0,3,0.966
3928418,89,2,0,2,0.978
7987104,180,19.67,0,19.67,0.891
7466801,179,6.17,6.17,0,0.966
3869447,174,3,0,3,0.983
3869447,3,0,0,0,1
3677744,177,3,0,3,0.983
3345790,177,12,9,3,0.932
3444742,180,13.83,7.17,6.67,0.923
3472719,177,6,0,6,0.966
7336259,180,14.73,8.08,6.65,0.918
3629786,178,0.17,0.17,0,0.999
6415588,180,12.17,1,11.17,0.932
7617668,180,17.17,10.83,6.33,0.905
3463788,177,7,3,4,0.96
7164855,177,9.1,8.23,0.87,0.949
3368742,177,18,1,17,0.898
7517170,180,1,0,1,0.994
7184252,,,,,
7184252,34,17.14,17.14,0,0.496
3385410,174,3,1,2,0.983
3385410,3,0,0,0,1
3813412,,,,,
3813412,51,0,0,0,1
3231738,177,25,6,19,0.859
7750932,180,54.33,54.33,0,0.698
7947292,180,10.98,8.31,2.67,0.939
3132793,174,0,0,0,1
7232331,180,8,6,2,0.956
7190615,,,,,
7190615,,,,,
7190615,92,8.33,4.67,3.67,0.909
3263412,177,2,0,2,0.989
3462410,174,6,0,6,0.966
3462410,3,0,0,0,1
6041774,177,2,2,0,0.989
3936749,180,9.83,6.5,3.33,0.945
3326795,177,5,2,3,0.972
3824415,177,4,1,3,0.977
7328640,180,12,3,9,0.933
7328640,,,,,
3044745,177,6,0,6,0.966
7560338,174,90.3,78.63,11.67,0.481
3291713,174,0,0,0,1
3291713,3,0,0,0,1
3482715,177,1,0,1,0.994
7205860,180,22.5,8.67,13.83,0.875
7032867,180,14,4,10,0.922
6287424,177,0,0,0,1
3796413,177,4,0,4,0.977
7649602,180,11.67,3.83,7.83,0.935
7653113,180,49.58,33.58,16,0.725
3782783,,,,,
3782783,180,1,0.17,0.83,0.994
7307844,,,,,
7307844,180,10,1,9,0.944
3828411,177,22,10,12,0.876
3339413,177,20,1,19,0.887
3120780,177,13,0,13,0.927
7353300,180,7,4.83,2.17,0.961
3695710,180,33.5,15.5,18,0.814
3132793,3,0,0,0,1
3594732,176,22,2,20,0.875
6605400,,,,,
6605400,180,0.57,0.43,0.14,0.997
6027553,,,,,
6027553,180,0.2,0.2,0,0.999
6015515,177,14,1,13,0.921
3422796,177,14,10,4,0.921
7783253,,,,,
7783253,180,24,19.67,4.33,0.867
6104492,177,3,0,3,0.983
3545789,180,15.67,1,14.67,0.913
3612732,177,4,1,3,0.977
6961541,,,,,
6961541,176,0,0,0,1
3142418,,,,,
3142418,180,0,0,0,1
3950787,174,4,0,4,0.977
3950787,3,0,0,0,1
6568583,177,1,0,1,0.994
7447964,180,18.83,15.83,3,0.895
6010492,180,9.92,9.42,0.5,0.945
7715983,180,22.67,19.67,3,0.874
3653443,161,0,0,0,1
7331823,180,4.83,4.67,0.17,0.973
3123786,,,,,
3123786,180,10.71,6.43,4.29,0.941
3853714,180,1.17,0.17,1,0.994
6197457,,,,,
6197457,180,22.83,19.83,3,0.873
3197746,177,1,0,1,0.994
7068123,180,21.17,10.33,10.83,0.882
3494789,177,0,0,0,1
7375870,180,3,0.67,2.33,0.983
7990395,180,43.68,9.25,34.43,0.757
3243418,174,5,0,5,0.971
3243418,3,0,0,0,1
7244173,177,31.5,18.83,12.67,0.822
6070477,169,3,0,3,0.982
7699336,180,1,0,1,0.994
7776346,177,2.67,0.33,2.33,0.985
6932476,177,30,1,29,0.831
7272558,,,,,
7272558,25,19,19,0,0.24
3124786,,,,,
3124786,177,6,2,4,0.966
3899742,177,9,0,9,0.949
6475436,180,1.5,1.5,0,0.992
7085122,180,14.83,7.5,7.33,0.918
6070477,,,,,
3705788,180,69.38,44.92,24.47,0.615
6742400,177,8,6,2,0.955
6892557,177,4,0,4,0.977
3473442,174,9,0,9,0.948
3473442,3,0,0,0,1
6586599,174,8,0,8,0.954
6586599,3,0,0,0,1
7284970,180,65.29,48.45,16.83,0.637
7373511,132,55.67,55.67,0,0.578
7373511,,,,,
7373511,41,18.25,18.25,0,0.555
7730847,177,1,0.5,0.5,0.994
3939752,177,8,0,8,0.955
7664336,177,7,0,7,0.96
7676657,180,26.83,23.67,3.17,0.851
6913413,177,11,7,4,0.938
6855775,177,0,0,0,1
6993400,180,1,1,0,0.994
7584825,180,0.67,0.67,0,0.996
3338782,177,8,3,5,0.955
7689380,179,10.33,4,6.33,0.942
7689380,,,,,
3693419,180,42.83,38.5,4.33,0.762
3644755,,,,,
3644755,180,10.67,2,8.67,0.941
7121298,180,1.67,0.67,1,0.991
7918978,,,,,
7918978,40,0,0,0,1
7918978,,,,,
6856444,180,11.14,10.48,0.67,0.938
7997167,180,26.17,3,23.17,0.855
7718333,180,4.5,0.5,4,0.975
3283414,177,10,0,10,0.944
6774488,180,2.67,1.5,1.17,0.985
3494752,177,4,1,3,0.977
7639395,39,28,11,17,0.282
7639395,,,,,
7639395,137,64,49,15,0.533
7639395,1,0,0,0,1
7164837,180,1,0,1,0.994
6542700,177,2,0,2,0.989
6680484,177,3,0,3,0.983
7205601,180,8.33,4.67,3.67,0.954
6089492,180,4.83,2,2.83,0.973
6627761,177,2,1,1,0.989
6182472,180,15.67,14.5,1.17,0.913
7470818,180,1.33,0.33,1,0.993
6084559,180,8.83,7.67,1.17,0.951
7653826,180,36,26.17,9.83,0.8
6353457,180,10.5,1,9.5,0.942
7456885,180,18.75,16.75,2,0.896
3286419,177,5,0,5,0.972
3406739,177,2,1,1,0.989
3935794,174,24,3,21,0.862
3935794,3,0,0,0,1
7641996,27,18,15,3,0.333
7641996,,,,,
7769001,180,156,155,1,0.133
3792743,177,6,0,6,0.966
3093418,180,27.33,5.83,21.5,0.848
7194127,180,1.17,0.17,1,0.994
6084584,177,2,0,2,0.989
6298551,179,28,11,17,0.844
3621449,180,1.5,0.83,0.67,0.992
3861410,177,7,4,3,0.96
6094744,172,134.03,21.17,112.87,0.221
6094744,1,0,0,0,1
6094744,,,,,
3308780,,,,,
3308780,177,3,0,3,0.983
7729909,180,13.67,3.83,9.83,0.924
6892720,177,0,0,0,1
3533758,177,8,0,8,0.955
7911950,180,19.17,19.17,0,0.894
6669728,177,1,0,1,0.994
3281712,177,3,0,3,0.983
6186594,180,6.17,3.5,2.67,0.966
3223749,180,5.67,1.17,4.5,0.969
7907827,180,8,1,7,0.956
6507436,177,8,0,8,0.955
6544537,177,30,0,30,0.831
7137664,180,3.5,1.17,2.33,0.981
7522330,180,0,0,0,1
6828489,177,3,0,3,0.983
6366445,177,16,13,3,0.91
7186915,180,0,0,0,1
7641996,50,16,16,0,0.68
6978713,180,6.67,1.17,5.5,0.963
3595449,180,10.67,10.67,0,0.941
3155750,136,2,0,2,0.985
3155750,41,0,0,0,1
3199746,177,0,0,0,1
7946081,,,,,
7946081,180,22.17,15.33,6.83,0.877
3893788,177,6,0,6,0.966
7138842,177,20.67,13.83,6.83,0.883
3802716,177,12,10,2,0.932
3810718,,,,,
3810718,24,0,0,0,1
6306718,177,8,0,8,0.955
7368854,180,8,6.67,1.33,0.956
7295688,177,32.83,15,17.83,0.815
6091728,,,,,
6091728,180,19.13,4.07,15.07,0.894
7228280,,,,,
7228280,180,15.5,0.83,14.67,0.914
7053913,180,16.55,16.55,0,0.908
7853244,,,,,
7853244,180,2.67,1.67,1,0.985
7253149,180,18.67,6.17,12.5,0.896
3283415,,,,,
3283415,42,1,0,1,0.976
3283415,3,0,0,0,1
7038946,180,1.67,0.67,1,0.991
6280429,177,2,0,2,0.989
3884780,177,3,1,2,0.983
7015927,,,,,
7015927,22,0,0,0,1
7594961,180,0.17,0.17,0,0.999
3664758,177,11,6,5,0.938
3631449,,,,,
3631449,104,7,3,4,0.933
3631449,3,0,0,0,1
7879622,180,0,0,0,1
7656230,180,40.33,35.17,5.17,0.776
6151786,180,8.83,4,4.83,0.951
7068837,180,9,0.67,8.33,0.95
6439472,180,11.17,2.67,8.5,0.938
6179739,177,3,0,3,0.983
6363554,,,,,
6363554,31,0,0,0,1
6811555,177,0,0,0,1
7389289,,,,,
7389289,180,16.77,9.23,7.53,0.907
6560530,177,10,2,8,0.944
3172418,86,12.84,12.84,0,0.851
3172418,,,,,
3172418,92,15.42,11.58,3.83,0.832
6479729,177,2,1,1,0.989
7105211,180,26,8,18,0.856
3015716,180,21.33,21.33,0,0.882
7014022,,,,,
7014022,180,47,36,11,0.739
7709155,180,5.5,2.17,3.33,0.969
3013750,177,11,1,10,0.938
3219793,176,7,0,7,0.96
3219793,1,0,0,0,1
6844552,180,1.67,0,1.67,0.991
3288412,,,,,
3288412,51,0,0,0,1
7839397,180,31.5,23.33,8.17,0.825
3542411,,,,,
3542411,180,5.86,5.14,0.71,0.967
7811280,,,,,
7811280,180,36.03,22.87,13.17,0.8
3989732,,,,,
3989732,76,3,2,1,0.961
7034960,180,51.43,42.93,8.5,0.714
7044901,180,5,4,1,0.972
3652416,174,7,0,7,0.96
3652416,3,0,0,0,1
7530164,180,7.17,2.83,4.33,0.96
7037952,180,1.95,1.95,0,0.989
3123751,177,2,0,2,0.989
3782757,177,18,17,1,0.898
6677765,177,25,9,16,0.859
7085069,180,4.83,1.5,3.33,0.973
6783494,177,5,0,5,0.972
3646757,177,0,0,0,1
7342893,180,5,0,5,0.972
7916122,180,6.17,0.83,5.33,0.966
7459397,180,31.5,13.5,18,0.825
3255412,177,11,5.5,5.5,0.938
3224749,,,,,
3224749,180,15.31,5.54,9.77,0.915
7460315,,,,,
7460315,145,46.83,8.17,38.67,0.677
7284658,180,9.83,6.83,3,0.945
3939795,177,2,0,2,0.989
3945752,,,,,
3945752,177,8,2,6,0.955
7743961,180,10.06,9.23,0.83,0.944
3303415,174,3,1,2,0.983
3303415,3,0,0,0,1
7633283,,,,,
7633283,180,0.83,0.5,0.33,0.995
6768595,177,4,0,4,0.977
7305324,177,7.67,2.83,4.83,0.957
6988706,177,11,0,11,0.938
3577443,170,16,3,13,0.906
3096416,174,25,0,25,0.856
7512656,,,,,
7512656,180,16.33,5.33,11,0.909
7246871,180,29.83,17.5,12.33,0.834
3137757,177,10,8,2,0.944
7131880,,,,,
7131880,51,17.33,15.33,2,0.66
3200412,177,14.67,6,8.67,0.917
7928964,180,3,0,3,0.983
6507462,177,2,0,2,0.989
7628007,,,,,
7628007,164,113,113,0,0.311
3426747,177,1,0,1,0.994
6245775,177,1,0,1,0.994
3330782,177,6,3,3,0.966
7117806,180,10.83,0.67,10.17,0.94
6825715,180,3.33,0.33,3,0.982
7017990,180,34.12,34.12,0,0.81
3444753,174,1,0,1,0.994
3444753,3,0,0,0,1
7327963,180,5.17,4.5,0.67,0.971
3323790,177,7,0,7,0.96
3612788,180,1.67,0.67,1,0.991
7422801,180,34.3,34.3,0,0.809
6313764,180,12.5,4.17,8.33,0.931
3442742,,,,,
3442742,179,2.25,0.25,2,0.987
6001455,177,8,6,2,0.955
7274870,180,1,0,1,0.994
7454840,177,10,2,8,0.944
7145259,,,,,
7145259,180,31.33,30.33,2,0.826
3817712,177,0,0,0,1
3600795,177,12,3,9,0.932
3563742,177,23,6,17,0.87
7410801,179,11.33,11.33,0,0.937
3213751,177,0,0,0,1
7535330,180,2.33,0,2.33,0.987
7238947,,,,,
7238947,92,33.37,27.63,5.73,0.637
7948228,,,,,
7948228,82,62,62,0,0.244
7948228,,,,,
7948228,61,43,41,2,0.295
7931338,180,1.5,1.33,0.17,0.992
3461442,180,22.1,5.1,17,0.877
3461442,,,,,
7638826,74,28.58,24.58,4,0.614
7638826,,,,,
7638826,,,,,
7509115,180,7.33,0.33,7,0.959
7972363,180,6,2,4,0.967
7312815,180,8.33,1.83,6.5,0.954
7328845,180,14.67,2.83,11.83,0.919
7638826,79,18,17.5,0.5,0.772
7493862,180,23.1,2.03,21.07,0.872
3464749,177,6,2,4,0.966
3032750,177,7,0,7,0.96
6025559,180,5.5,4.5,1,0.969
7038811,180,0,0,0,1
6512478,177,4,0,4,0.977
3256447,,,,,
3256447,86,0,0,0,1
3295780,177,12,0,12,0.932
7583839,180,2.17,0.17,2,0.988
6133701,180,6,0,6,0.967
3832712,180,65.57,38.29,27.29,0.636
7404800,,,,,
7404800,180,62.14,47.64,14.5,0.655
6364740,180,2.5,0.5,2,0.986
7146300,,,,,
7453170,180,2,1,1,0.989
3573417,175,5,0,5,0.971
3096416,3,0,0,0,1
3828783,174,4,0,4,0.977
3828783,3,0,0,0,1
3855417,174,15,11,4,0.914
3855417,3,0,0,0,1
6107422,177,0,0,0,1
7180878,180,2.17,1.17,1,0.988
7437225,180,4.83,0.5,4.33,0.973
3443796,177,27,17,10,0.847
3050412,,,,,
3050412,113,28.73,28.57,0.17,0.746
7648663,180,23.17,21.17,2,0.871
3118786,177,51.5,32,19.5,0.709
7496942,180,5.17,0.17,5,0.971
6692537,177,7,0,7,0.96
7301196,180,5,5,0,0.972
3498793,180,2.83,0.17,2.67,0.984
7910156,180,11.17,1,10.17,0.938
3003447,175,5,0,5,0.971
7487957,180,9.83,9.17,0.67,0.945
7146300,180,3.17,3.17,0,0.982
7872007,,,,,
7872007,180,9.17,5.5,3.67,0.949
7341841,180,1.33,1,0.33,0.993
7944971,180,26.67,26.67,0,0.852
3846749,177,4,1.5,2.5,0.977
7382142,177,36.83,10.67,26.17,0.792
3434742,180,3.67,0.67,3,0.98
6079580,177,7,0,7,0.96
6010728,180,27.5,0,27.5,0.847
7321389,180,1.67,1.67,0,0.991
3778442,174,3,0,3,0.983
3778442,3,0,0,0,1
3407732,177,17,12,5,0.904
6252514,180,17,4.67,12.33,0.906
3159754,180,0.33,0.33,0,0.998
6452470,180,6.52,4.02,2.5,0.964
7942200,,,,,
7942200,180,8.33,8.33,0,0.954
3665419,180,4,1,3,0.978
3954757,173,1,0,1,0.994
3954757,4,0,0,0,1
3923419,180,7.33,5,2.33,0.959
3182758,177,5,0,5,0.972
3225735,174,2,0,2,0.989
3225735,3,0,0,0,1
6761413,180,0,0,0,1
3441795,177,2,0,2,0.989
3420796,177,28,23,5,0.842
3884741,177,3,2,1,0.983
3356796,177,2,2,0,0.989
3424419,,,,,
3424419,180,10.17,2.17,8,0.944
6870775,180,1,1,0,0.994
6021701,176,3,1,2,0.983
6979583,177,9,4,5,0.949
7275940,180,12.08,6.42,5.67,0.933
7589846,180,15.71,1.71,14,0.913
7290602,180,15.5,15.5,0,0.914
7174356,,,,,
7039238,180,8,3,5,0.956
7231986,180,19.83,3.17,16.67,0.89
7518314,180,3.33,2,1.33,0.982
3006735,177,1,0,1,0.994
6014491,180,1.5,0.5,1,0.992
3587749,180,39.48,18.23,21.26,0.781
6358700,177,0,0,0,1
3340414,174,15,0,15,0.914
3340414,3,0,0,0,1
3819753,177,8,0,8,0.955
7478275,,,,,
7478275,180,26.75,20.08,6.67,0.851
3904754,177,2,0,2,0.989
7706915,180,13.33,2.83,10.5,0.926
7928302,177,22.5,0,22.5,0.873
6668470,177,6,0,6,0.966
7939148,180,8.33,0,8.33,0.954
3958418,174,10,0,10,0.943
3958418,3,0,0,0,1
3020717,177,11,1,10,0.938
6170531,177,2,1,1,0.989
7472892,180,3.33,0,3.33,0.982
7495963,180,1.33,0,1.33,0.993
7128580,,,,,
7128580,41,5.75,5.75,0,0.86
6842787,180,13.83,7.17,6.67,0.923
6382729,180,20.57,13.07,7.5,0.886
3426796,177,4,0,4,0.977
7174356,,,,,
7174356,,,,,
7174356,23,19.67,19.67,0,0.145
7174356,,,,,
7174356,86,50.9,48.74,2.17,0.408
7216389,,,,,
7216389,153,9.83,2,7.83,0.936
6941517,176,24.5,10.5,14,0.861
6430726,177,0,0,0,1
6905514,177,6,2,4,0.966
3904783,177,20,0,20,0.887
7905975,21,4,3,1,0.81
7905975,159,39.58,32.42,7.17,0.751
3458757,177,17,3,14,0.904
7800117,180,3.83,1.5,2.33,0.979
6884542,177,12,2,10,0.932
3067442,180,9,9,0,0.95
3067442,,,,,
6775454,177,0,0,0,1
3102745,,,,,
3102745,155,84.83,84.83,0,0.453
6940484,177,7,0,7,0.96
3464737,177,6,0,6,0.966
3572791,174,3,0,3,0.983
3572791,3,0,0,0,1
3474795,177,14,1,13,0.921
3778442,,,,,
7695271,,,,,
7695271,180,24,19,5,0.867
7894299,,,,,
7894299,180,21.67,3.83,17.83,0.88
6509532,180,0,0,0,1
3131751,177,3,1,2,0.983
7058873,,,,,
7058873,180,2.64,2.64,0,0.985
3909795,177,7,3,4,0.96
7798170,180,3,2,1,0.983
3415415,174,17,0,17,0.902
3415415,3,0,0,0,1
7783610,180,9.67,8.67,1,0.946
3056791,177,5,1,4,0.972
3489742,177,10,3,7,0.944
7879696,180,10.33,8.83,1.5,0.943
6065755,180,6,4.33,1.67,0.967
7987305,180,6.5,2,4.5,0.964
7075878,,,,,
7075878,180,3.83,2.83,1,0.979
3704741,177,31,23,8,0.825
7827966,180,0.17,0.17,0,0.999
3056415,174,10,0,10,0.943
3056415,3,0,0,0,1
7581951,,,,,
7581951,179,59,47,12,0.67
7802970,180,30.75,30.75,0,0.829
7286321,180,0,0,0,1
3352758,177,11,7,4,0.938
7217971,180,5,5,0,0.972
6244792,177,8,0,8,0.955
3775735,177,5,0,5,0.972
7065366,180,5,0,5,0.972
6827555,169,1,0,1,0.994
6827555,,,,,
3382413,177,23,16,7,0.87
6785496,164,4,0,4,0.976
6785496,13,0,0,0,1
3018732,177,3,0,3,0.983
6479482,177,0,0,0,1
3300733,177,9,2,7,0.949
7916975,180,36.17,32.33,3.83,0.799
6191449,174,8.17,0.5,7.67,0.953
6191449,3,0,0,0,1
3645796,180,5.17,3.33,1.83,0.971
3001751,177,1,0,1,0.994
6586730,177,8,5,3,0.955
3157411,,,,,
3157411,23,22.43,22,0.43,0.025
3230788,180,14.5,0.5,14,0.919
6901473,180,9.5,5.17,4.33,0.947
7231808,177,5,5,0,0.972
7401312,180,31.83,9.33,22.5,0.823
3626786,178,0.17,0.17,0,0.999
6668441,177,12,4,8,0.932
3867780,177,3,0,3,0.983
3092411,174,10,10,0,0.943
3092411,3,0,0,0,1
6903589,177,14,0,14,0.921
3946719,177,10,5,5,0.944
7677864,180,3.33,0.33,3,0.982
3480796,180,4.87,4.87,0,0.973
7688947,,,,,
7688947,180,90.5,87,3.5,0.497
7599295,,,,,
7599295,180,10.33,6.33,4,0.943
7122958,180,0.33,0,0.33,0.998
7621164,,,,,
7621164,180,12.83,7.5,5.33,0.929
3257447,177,15,3.33,11.67,0.915
6926517,,,,,
6926517,174,1,0,1,0.994
7957321,180,0,0,0,1
7208244,,,,,
7208244,180,5.67,3.67,2,0.969
6367510,177,0,0,0,1
7197134,177,17.93,10.43,7.5,0.899
3584785,180,4.67,2.67,2,0.974
3813714,,,,,
3813714,180,12.63,12.13,0.5,0.93
7825665,180,3.33,1.33,2,0.982
6270587,177,2,0,2,0.989
7988838,180,3,0.83,2.17,0.983
6352471,177,4,0,4,0.977
3541796,177,5,0,5,0.972
7003626,180,19.67,0.83,18.83,0.891
7691338,180,53.5,41.83,11.67,0.703
7365696,180,50.25,43.42,6.83,0.721
6754555,177,1,0,1,0.994
7449606,180,27.12,15.12,12,0.849
3183733,177,4,0,4,0.977
3661416,177,5,0,5,0.972
7507145,180,36.67,31.33,5.33,0.796
6797776,177,2,0,2,0.989
3427714,106,8,0,8,0.925
3427714,71,4,1,3,0.944
7170376,,,,,
7170376,180,2.75,0,2.75,0.985
3646443,,,,,
3646443,7,0,0,0,1
3646443,,,,,
7370934,,,,,
7370934,180,37.25,37.25,0,0.793
3704755,180,10.83,4.5,6.33,0.94
6602406,177,3,0,3,0.983
7821335,180,13.83,6.5,7.33,0.923
7690335,180,12,2,10,0.933
7405964,180,1.67,0.67,1,0.991
7984664,180,7.17,5.17,2,0.96
6664584,180,12.42,12.42,0,0.931
3205749,177,21,0,21,0.881
7462808,180,15,14,1,0.917
7705117,180,12,5.83,6.17,0.933
7627961,180,1.83,1.5,0.33,0.99
3665786,178,3.33,1.33,2,0.981
3862758,177,3,1,2,0.983
3975735,177,17,0,17,0.904
7366306,,,,,
7366306,179,11.38,5.05,6.33,0.936
7116998,180,24.33,20.33,4,0.865
7895638,180,49,49,0,0.728
7436278,,,,,
7436278,63,9,6,3,0.857
7206300,180,5,0,5,0.972
6519493,,,,,
6519493,180,1.67,1.67,0,0.991
7769693,,,,,
7769693,87,0,0,0,1
7769693,92,43.92,43.58,0.33,0.523
3580749,177,5,0,5,0.972
7440885,180,8.5,7.5,1,0.953
3042796,177,5,0,5,0.972
6601489,177,0,0,0,1
6779704,177,4,2,2,0.977
7220871,180,111.47,108.47,3,0.381
7526339,180,2.42,0.42,2,0.987
7969650,,,,,
7969650,170,66.25,65.58,0.67,0.61
7234884,180,0,0,0,1
6494482,177,1,0,1,0.994
6170421,177,1,0,1,0.994
6601407,177,9,0,9,0.949
7042033,180,6.5,3.5,3,0.964
3428796,177,11,7,4,0.938
6744703,180,2,0,2,0.989
6316700,177,6,0,6,0.966
6577594,174,2,0,2,0.989
3115742,180,0.17,0.17,0,0.999
3830712,,,,,
3830712,170,0,0,0,1
3245447,177,10.5,9.5,1,0.941
7741168,177,0,0,0,1
6393514,177,8,2,6,0.955
3544413,180,7.33,2.5,4.83,0.959
7119347,180,5.83,0.33,5.5,0.968
7453315,180,19.67,17.67,2,0.891
3900758,177,1,0,1,0.994
3462796,163,4,0,4,0.975
3462796,,,,,
3462796,13,0,0,0,1
3898417,180,0,0,0,1
6473559,177,7,0,7,0.96
3694757,177,0,0,0,1
7835259,180,61,58,3,0.661
3897758,177,74,11,63,0.582
3448419,,,,,
3448419,180,27.37,17.2,10.17,0.848
3746415,174,2,0,2,0.989
3746415,3,0,0,0,1
3666412,177,0,0,0,1
3300415,174,20,0,20,0.885
3300415,3,0,0,0,1
3859447,176,10,0,10,0.943
3663794,177,23,0,23,0.87
6956585,17,9,9,0,0.471
6956585,,,,,
6956585,53,39,38,1,0.264
7463944,180,72.33,68.33,4,0.598
7122931,180,37.65,27.48,10.17,0.791
7482001,,,,,
7482001,180,42.88,16.55,26.32,0.762
3271447,175,23,20,3,0.869
7724650,180,0,0,0,1
7978961,180,1,1,0,0.994
3843442,174,11,1,10,0.937
3843442,3,0,0,0,1
6801700,180,2.83,0.17,2.67,0.984
7271133,,,,,
6426586,177,2,0,2,0.989
6044701,177,0,0,0,1
6407454,177,5,0,5,0.972
6008728,180,16,4,12,0.911
3541413,180,3,2,1,0.983
7433955,180,26.5,15.17,11.33,0.853
7108975,173,20.52,5.33,15.19,0.881
7108975,7,0,0,0,1
3660714,177,0,0,0,1
3271732,169,4,0,4,0.976
3271732,,,,,
6644556,177,1,1,0,0.994
7958695,,,,,
7958695,180,9.5,5,4.5,0.947
6611425,177,1,0,1,0.994
6413712,177,9,1,8,0.949
3780735,174,7,0,7,0.96
3780735,3,0,0,0,1
6193471,177,27,2,25,0.847
3344447,174,16,0,16,0.908
3344447,3,0,0,0,1
3548758,177,0,0,0,1
6187717,180,1,0,1,0.994
3259412,177,14,3,11,0.921
3289746,171,3,0,3,0.982
3289746,6,0,0,0,1
3633714,177,4,1,3,0.977
7356660,,,,,
7356660,180,44.33,38.17,6.17,0.754
7706837,180,1.17,0,1.17,0.994
3678413,,,,,
3678413,177,9,1,8,0.949
6640721,177,2,1,1,0.989
3721796,177,8,4,4,0.955
3464734,177,0,0,0,1
7055265,136,42.99,28.25,14.74,0.684
7055265,44,7,0,7,0.841
7271133,180,20.33,14.67,5.67,0.887
6006709,180,1.5,0.5,1,0.992
3016744,,,,,
3016744,177,4,2,2,0.977
3919793,180,4.5,0,4.5,0.975
3098755,177,1,0,1,0.994
3878788,177,0,0,0,1
7642334,180,0.5,0.17,0.33,0.997
7439653,180,12.33,8.17,4.17,0.932
7096385,,,,,
7096385,39,23,22,1,0.41
7973959,180,1.33,0,1.33,0.993
7904606,,,,,
7904606,180,9.96,7.8,2.17,0.945
6903729,180,19,7.17,11.83,0.894
7344664,180,5.33,4.33,1,0.97
3363412,,,,,
3363412,23,0,0,0,1
3061790,174,1,0,1,0.994
3061790,3,0,0,0,1
7451529,,,,,
7451529,180,33,33,0,0.817
3965752,173,7.5,0,7.5,0.957
3965752,4,0,0,0,1
7089335,,,,,
7089335,180,5.83,3.83,2,0.968
7862087,,,,,
7862087,180,1.17,1.17,0,0.994
3079411,174,0,0,0,1
3079411,3,0,0,0,1
3608798,177,6,0,6,0.966
7055001,180,12.64,7.98,4.67,0.93
6399536,177,8.5,1,7.5,0.952
3637713,177,2,1,1,0.989
7635967,180,97.57,17.5,80.07,0.458
7635967,,,,,
3478442,180,3.67,2.33,1.33,0.98
6908776,,,,,
6908776,177,1,0,1,0.994
6678701,180,13.5,0,13.5,0.925
3818447,180,0,0,0,1
6970489,177,0,0,0,1
3284414,177,8,2,6,0.955
7267108,,,,,
7267108,153,7,1.17,5.83,0.954
7316693,,,,,
7316693,86,71.83,71.83,0,0.165
3401786,,,,,
3401786,121,15.83,0.33,15.5,0.869
3317449,88,3,3,0,0.966
3317449,89,5,0,5,0.944
3623718,177,4,1,3,0.977
7416855,180,12.33,9.33,3,0.932
7027145,180,16.92,8.75,8.17,0.906
6140559,180,4.5,2.83,1.67,0.975
7458208,32,1,1,0,0.969
7458208,148,17.83,16.5,1.33,0.88
3584449,177,11,1,10,0.938
3026749,,,,,
3026749,34,12.5,11.5,1,0.632
3161415,174,2,0,2,0.989
3161415,3,0,0,0,1
6963724,177,0,0,0,1
7929386,180,62.33,15.17,47.17,0.654
6836438,177,12,6,6,0.932
3945442,177,7,0,7,0.96
3603447,,,,,
3603447,38,0,0,0,1
6208778,177,22,3,19,0.876
6813440,,,,,
6813440,34,0,0,0,1
3039412,177,2,0,2,0.989
7212888,180,3.17,0.17,3,0.982
3925418,,,,,
3925418,112,1,0,1,0.991
3925418,3,0,0,0,1
7477295,,,,,
3933415,174,4,0,4,0.977
3933415,3,0,0,0,1
3775416,174,5,0,5,0.971
3775416,3,0,0,0,1
7815984,180,5.33,5,0.33,0.97
3180748,177,4,0,4,0.977
7209119,180,15,11.17,3.83,0.917
7740310,180,4.98,3.19,1.79,0.972
6578478,177,8,2,6,0.955
7940372,177,3.17,0,3.17,0.982
6997780,,,,,
6997780,117,39.92,37.42,2.5,0.659
6997780,,,,,
6997780,,,,,
3544792,177,0,0,0,1
6609770,177,1,0,1,0.994
3676710,,,,,
3676710,125,64.5,57,7.5,0.484
3885739,177,0,0,0,1
6284716,180,47.67,28.33,19.33,0.735
7581124,180,20,4.17,15.83,0.889
3237447,,,,,
3237447,8,0,0,0,1
3237447,,,,,
3237447,48,0,0,0,1
6840444,180,5,2.33,2.67,0.972
7713170,177,57.68,46.24,11.44,0.674
7713170,3,0.13,0.13,0,0.957
3614788,180,0.83,0.83,0,0.995
3687443,,,,,
3687443,40,0,0,0,1
7963699,179,39,38,1,0.782
7963699,,,,,
7981395,,,,,
7981395,180,3,3,0,0.983
7015129,180,3.17,1.17,2,0.982
6087755,180,8.02,4.08,3.93,0.955
7651809,180,24.33,0.17,24.17,0.865
6697701,180,10.17,1.5,8.67,0.944
7952987,180,33.5,31,2.5,0.814
3941447,,,,,
3941447,89,1,0,1,0.989
6404472,177,0,0,0,1
7315907,10,0.83,0.83,0,0.917
7315907,,,,,
7315907,168,45.33,40,5.33,0.73
7477295,136,30.39,17.35,13.04,0.777
7477295,44,5,0,5,0.886
3724411,165,2,0,2,0.988
3724411,9,0,0,0,1
3724411,3,0,0,0,1
3158418,177,0,0,0,1
3729447,176,0,0,0,1
3326788,,,,,
3326788,177,0,0,0,1
6321709,177,72,11,61,0.593
6662423,177,4,0,4,0.977
3386417,,,,,
3386417,76,0,0,0,1
3386417,,,,,
3665795,177,5,0,5,0.972
3185715,177,19,6,13,0.893
3898418,174,27,5,22,0.845
3898418,3,0,0,0,1
3490793,180,8.83,3.83,5,0.951
3327788,180,4.17,1.67,2.5,0.977
3492419,177,6,1,5,0.966
7988805,180,62.25,61.25,1,0.654
3138745,179,4.67,2.67,2,0.974
7552826,177,3.53,0,3.53,0.98
7980898,180,0,0,0,1
3867413,174,11,0,11,0.937
3867413,3,0,0,0,1
3043732,130,3,0,3,0.977
3043732,47,0,0,0,1
6033748,,,,,
6033748,91,2.33,2.33,0,0.974
7722980,180,11.5,11.5,0,0.936
7070087,,,,,
7070087,180,37.5,36.5,1,0.792
7600875,177,1,0,1,0.994
3232413,177,3,0,3,0.983
3917447,174,5,0,5,0.971
3917447,3,0,0,0,1
3544411,180,3.83,3.5,0.33,0.979
6124484,180,7,0,7,0.961
7946393,48,41,41,0,0.146
7946393,96,68,60,8,0.292
7946393,,,,,
7946393,35,20,20,0,0.429
6207466,177,0,0,0,1
7830811,180,0.33,0.33,0,0.998
6252476,177,1,0,1,0.994
3448796,177,3,0,3,0.983
3042715,177,1,0,1,0.994
7107374,177,16,0,16,0.91
3343419,177,0,0,0,1
7102360,180,1,0,1,0.994
3782796,177,8,1,7,0.955
7670828,177,0,0,0,1
3248447,45,2,2,0,0.956
3248447,129,11,0,11,0.915
7813869,180,3,0,3,0.983
7591328,177,6,0,6,0.966
7833168,180,1.67,0,1.67,0.991
3042789,177,2,0,2,0.989
6253466,180,7.5,0,7.5,0.958
6906748,180,26,3,23,0.856
7248949,180,6.83,2.5,4.33,0.962
7247664,180,0.17,0.17,0,0.999
7767882,180,4.33,0,4.33,0.976
3383413,177,27,16,11,0.847
3350416,177,3,1,2,0.983
3429749,177,6,1,5,0.966
7282906,180,1.37,1.37,0,0.992
3844418,174,2,1,1,0.989
3844418,3,0,0,0,1
3094732,177,4,0,4,0.977
3980442,,,,,
3980442,180,24.5,20.33,6.17,0.864
3980442,,,,,
3716411,180,0.83,0.83,0,0.995
7902890,177,41.5,17.83,23.67,0.766
3444796,177,27,13,14,0.847
6729796,177,2,0,2,0.989
3212751,177,0,0,0,1
3881412,177,7,4,3,0.96
3058714,177,8,0,8,0.955
3678744,177,1,1,0,0.994
3365796,180,5.02,5.02,0,0.972
6828475,177,22.5,0,22.5,0.873
3538417,180,30.33,6.17,24.17,0.832
6774713,180,3,0,3,0.983
6148594,177,12,10,2,0.932
3824746,177,9,1,8,0.949
7278305,,,,,
7278305,,,,,
7278305,100,4.17,0,4.17,0.958
6440517,,,,,
6440517,180,21.48,15.62,5.87,0.881
6955747,180,1,0,1,0.994
3898751,177,22,0,22,0.876
3853780,177,16,4,12,0.91
3894758,177,5,0,5,0.972
7171374,180,6,0,6,0.967
6552486,177,13.5,10,3.5,0.924
6500583,177,6,0,6,0.966
7768019,,,,,
7768019,180,0,0,0,1
7140362,180,2.17,1,1.17,0.988
7969302,177,25.33,0,25.33,0.857
3044789,180,4,2,2,0.978
7018116,180,17.5,12.33,5.17,0.903
3695757,177,8,0,8,0.955
3290411,118,7.65,5.45,2.2,0.935
3290411,62,7.83,4.5,3.33,0.874
3440786,177,5,4,1,0.972
3869780,177,6,1,5,0.966
3117414,174,19,0,19,0.891
3117414,3,0,0,0,1
6584462,177,6,5,1,0.966
6738725,177,13.5,0,13.5,0.924
6095715,173,25,3,22,0.855
6095715,4,0,0,0,1
7889941,180,0,0,0,1
3623749,177,1,0,1,0.994
7796119,180,4.83,1.17,3.67,0.973
6651764,180,5.67,0.33,5.33,0.969
3270412,,,,,
3270412,63,36.1,31.93,4.17,0.427
7565245,,,,,
7565245,180,6.33,6.33,0,0.965
3502780,177,18,5,13,0.898
3625449,180,4.5,0.67,3.83,0.975
7657380,180,6.5,4.67,1.83,0.964
7116230,,,,,
7116230,180,4.87,3.87,1,0.973
7694925,180,4,1.83,2.17,0.978
7258827,177,1,0,1,0.994
7280139,180,38.33,18.33,20,0.787
7637972,180,46.33,44.33,2,0.743
7730681,84,9.5,3,6.5,0.887
7000929,180,15.5,2,13.5,0.914
6704781,177,1.5,0.5,1,0.992
3984756,177,1,0,1,0.994
7479943,180,1.17,1.17,0,0.994
6392587,177,7,5,2,0.96
6102764,177,1,0,1,0.994
7147829,180,3.17,0,3.17,0.982
6983497,177,18,7,11,0.898
3930716,177,6,0,6,0.966
7585996,180,22.5,11.5,11,0.875
3613791,177,4,0,4,0.977
7019385,180,11.33,4,7.33,0.937
3764798,,,,,
3764798,161,15,8,7,0.907
3764798,,,,,
3764798,,,,,
7400328,180,0,0,0,1
6362758,177,14.5,7.83,6.67,0.918
7353893,180,4.33,1,3.33,0.976
7359643,180,16.33,6.67,9.67,0.909
3960410,177,5,0,5,0.972
7443355,,,,,
7443355,36,22.86,9.29,13.57,0.365
6309510,151,17,14,3,0.887
6309510,3,0,0,0,1
6309510,,,,,
6309510,21,2.67,0.67,2,0.873
3094411,174,0,0,0,1
3094411,3,0,0,0,1
3681737,177,4,0,4,0.977
3729414,174,2,0,2,0.989
3729414,3,0,0,0,1
3947417,180,22.83,18,4.83,0.873
7805622,180,9.33,1.33,8,0.948
3337782,177,8,3,5,0.955
7656195,180,8.5,0,8.5,0.953
3864419,180,8.17,7,1.17,0.955
7761281,,,,,
7761281,180,10.83,3.83,7,0.94
3600713,180,5,5,0,0.972
7401094,180,34,31,3,0.811
3725413,177,7,1,6,0.96
7877596,,,,,
7877596,72,62.98,49.09,13.89,0.125
7877596,2,0,0,0,1
7877596,30,0,0,0,1
3389413,177,24,15,9,0.864
7750333,,,,,
7750333,180,0,0,0,1
6933475,177,0,0,0,1
7841126,180,1.17,0.17,1,0.994
6129559,180,88.22,79.24,8.98,0.51
7592642,180,1.67,0.5,1.17,0.991
7552628,180,1.33,0.17,1.17,0.993
3226755,177,1,0,1,0.994
7822968,,,,,
7822968,180,14.83,12.83,2,0.918
7127814,177,0,0,0,1
6858532,180,0,0,0,1
7266285,,,,,
7266285,180,25.25,9.25,16,0.86
3624449,180,4.17,1.33,2.83,0.977
7326142,180,3.67,3.67,0,0.98
7769346,180,0,0,0,1
7328961,180,5.17,4.83,0.33,0.971
3780757,177,3,0,3,0.983
3604741,177,2,0,2,0.989
6533772,180,8.83,3.17,5.67,0.951
7804963,180,0.83,0.5,0.33,0.995
6398510,177,0,0,0,1
3807419,33,7,3,4,0.788
3807419,144,48,28,20,0.667
3389751,177,1,0,1,0.994
6461743,180,7.57,2.83,4.73,0.958
3329419,,,,,
3329419,180,62,61,1,0.656
6402582,162,4,0,4,0.975
6402582,2,0,0,0,1
6402582,13,0,0,0,1
3262783,,,,,
3262783,158,2,0,2,0.987
3249795,,,,,
3249795,31,0,0,0,1
3249795,,,,,
3249795,31,0,0,0,1
3015410,177,2,1,1,0.989
3275447,174,33,20,13,0.81
3377413,177,1,0,1,0.994
7586218,180,0,0,0,1
6329583,177,1,0,1,0.994
3304795,177,7,3,4,0.96
6454444,177,25,22,3,0.859
7492159,177,15.5,4.5,11,0.912
3225447,45,2,2,0,0.956
3225447,129,10,0,10,0.922
6614786,178,54.67,31.5,23.17,0.693
6614786,,,,,
3089757,177,1,1,0,0.994
6302593,177,4,2,2,0.977
7933559,179,3.5,2.5,1,0.98
7594222,180,17.17,2.17,15,0.905
3628786,175,0,0,0,1
7418100,180,17.67,2,15.67,0.902
6716745,180,4.83,1.33,3.5,0.973
7069330,180,33.11,4.77,28.33,0.816
6254725,180,2.5,0.67,1.83,0.986
6906462,177,0,0,0,1
3540417,180,0,0,0,1
6565750,177,8,0,8,0.955
7925664,180,25.7,18.2,7.5,0.857
3141797,177,14,2,12,0.921
3362447,,,,,
3362447,151,19.17,5.33,13.83,0.873
3362447,3,0,0,0,1
3362447,,,,,
3891782,177,2,1,1,0.989
7683622,180,4,1,3,0.978
7028813,180,2.5,0.5,2,0.986
3362713,177,2,0,2,0.989
6000715,180,9,3.5,5.5,0.95
7269030,,,,,
7269030,180,28.75,23.75,5,0.84
7916654,180,19.83,17.33,2.5,0.89
7385965,180,4.17,2.17,2,0.977
3905749,180,53.2,14.2,39,0.704
3062790,174,0,0,0,1
3062790,3,0,0,0,1
7088971,180,19,0,19,0.894
3437733,177,0,0,0,1
6355717,180,20.33,16.33,4,0.887
7624122,177,38.5,14.83,23.67,0.782
3244718,177,4,2,2,0.977
6177535,177,0,0,0,1
7730681,1,0,0,0,1
7730681,,,,,
7730681,70,10.67,9.5,1.17,0.848
6075475,177,3,0,3,0.983
7499818,180,0.33,0.33,0,0.998
3426712,177,6,0,6,0.966
7830351,180,8.83,1.17,7.67,0.951
7365382,180,0.67,0.67,0,0.996
3156745,177,0,0,0,1
6981729,180,7.67,5,2.67,0.957
3581757,177,3,0,3,0.983
3452416,174,2,0,2,0.989
3452416,3,0,0,0,1
7111956,180,13.5,10,3.5,0.925
6665742,177,2,0,2,0.989
3720411,165,0,0,0,1
3720411,12,0,0,0,1
6618789,180,48.37,39.37,9,0.731
6246791,177,0,0,0,1
7622145,180,12.33,12,0.33,0.932
6491407,177,6,0,6,0.966
3933447,,,,,
3933447,180,33,30,3,0.817
3582788,177,0,0,0,1
3003751,177,3,1,2,0.983
7799884,180,1,0,1,0.994
7111837,180,2.83,2.83,0,0.984
6604474,177,4.5,2.5,2,0.975
6243701,177,2,0,2,0.989
7122183,,,,,
7122183,180,2.5,2.5,0,0.986
3651737,173,3.5,0,3.5,0.98
3651737,4,0,0,0,1
3933419,177,14,0,14,0.921
3956758,174,7,1,6,0.96
3956758,3,0,0,0,1
6199743,180,1.83,1.83,0,0.99
6011748,,,,,
6011748,180,25.58,17.33,8.25,0.858
3144745,177,0,0,0,1
6249446,177,14.5,10,4.5,0.918
3479715,,,,,
3479715,51,0,0,0,1
3904795,177,4,1,3,0.977
7409305,,,,,
7409305,173,7.42,7.08,0.33,0.957
6421484,171,0,0,0,1
6421484,6,0,0,0,1
3582442,174,4,0,4,0.977
3582442,3,0,0,0,1
3649413,177,14,3,11,0.921
3334418,174,22.5,1.5,21,0.871
3334418,3,0,0,0,1
6313482,177,0,0,0,1
7465112,180,33.33,5,28.33,0.815
3968410,177,9,0,9,0.949
7873352,180,52.63,25.53,27.1,0.708
3919753,177,15,1,14,0.915
6318781,177,5,0,5,0.972
7465924,180,12,10,2,0.933
7935696,180,29.5,15.67,13.83,0.836
6598776,177,0,0,0,1
3449796,164,2,0,2,0.988
3449796,13,0,0,0,1
3361418,174,2,0,2,0.989
3361418,3,0,0,0,1
3692713,177,0,0,0,1
7969492,,,,,
7969492,176,150,147,3,0.148
7969492,4,4,4,0,0
6881423,177,10,3,7,0.944
7206969,180,3,0.83,2.17,0.983
3658447,174,6,3,3,0.966
3658447,3,0,0,0,1
7391884,180,1.83,1.83,0,0.99
7776899,180,30.83,30.83,0,0.829
7800624,180,1.67,1.67,0,0.991
6868424,180,14.67,7.67,7,0.919
3930710,,,,,
3930710,180,1,1,0,0.994
6185517,175,5,4,1,0.971
6865785,177,6,5,1,0.966
6016486,177,5,1,4,0.972
3331735,177,5,0,5,0.972
7321854,180,8,8,0,0.956
7857174,180,16,3.83,12.17,0.911
7783245,,,,,
7783245,180,10.5,3.5,7,0.942
3384752,177,20,0,20,0.887
7980803,177,3,0,3,0.983
7506127,180,3.67,1,2.67,0.98
3927418,180,5.17,2.17,3,0.971
6932481,177,2,0,2,0.989
6882724,177,12,0,12,0.932
3838411,174,0,0,0,1
3838411,3,0,0,0,1
3057755,177,16,1,15,0.91
6535519,180,17.5,0.83,16.67,0.903
7686938,52,46,33,13,0.115
7686938,5,0,0,0,1
7686938,123,21.67,7.67,14,0.824
7415348,180,4,3,1,0.978
6499487,177,4,0,4,0.977
7389884,180,2.17,0.17,2,0.988
7641909,180,6.5,4.83,1.67,0.964
3168417,177,15,7,8,0.915
7540244,,,,,
7540244,180,3.17,2.33,0.83,0.982
7443864,180,4.33,0,4.33,0.976
6557435,177,14,7,7,0.921
3522790,177,3,0,3,0.983
3574416,177,12,4,8,0.932
7687261,,,,,
7687261,79,50.34,27.29,23.05,0.363
7806812,180,38.17,28.83,9.33,0.788
7122261,180,60.67,41.76,18.9,0.663
3005751,180,7,1,6,0.961
7078280,,,,,
7078280,180,11.5,5.5,6,0.936
6665789,180,55.67,31.67,24,0.691
7880949,180,21.5,3.5,18,0.881
7497157,180,27.83,0.5,27.33,0.845
7832164,180,0,0,0,1
3344442,180,5.83,0.17,5.67,0.968
3344442,,,,,
6079486,177,3,1,2,0.983
7581993,180,8.83,7.83,1,0.951
6046731,,,,,
6046731,34,16.33,15.33,1,0.52
7362183,180,14.17,1,13.17,0.921
3483442,174,10,0,10,0.943
3483442,3,0,0,0,1